source,title,url_tags,human_tags,primary_domain_id,primary_domain,primary_task_id,primary_task_statement,secondary_task_ids,classification_confidence,classification_reason,custom_category
https://platform.claude.com/docs/en/,Intro to Claude - Claude Platform Docs,,,3,Claude Code Configuration & Workflows,3.1,"Configure CLAUDE.md files with appropriate hierarchy, scoping, and modular organization",,0.9,"The page provides an introduction to Claude and its features, but the primary focus is on configuring CLAUDE.md files, which falls under Domain3: Claude Code Configuration & Workflows",claude_md_configuration
https://platform.claude.com/docs/en/about-claude/models/overview,Models overview - Claude Platform Docs,about-claude|models|overview,about claude|models|overview,3,Claude Code Configuration & Workflows,3.1,"Configure CLAUDE.md files with appropriate hierarchy, scoping, and modular organization",,0.8,"The content excerpt focuses on model selection and configuration for the Claude platform, which aligns with Domain3: Claude Code Configuration & Workflows.",claude_md_configuration
https://platform.claude.com/docs/en/agents-and-tools/agent-skills/best-practices,Skill authoring best practices - Claude Platform Docs,agents-and-tools|agent-skills|best-practices,agents and tools|agent skills|best practices,2,Tool Design & MCP Integration,2.1,Design effective tool interfaces with clear descriptions and boundaries,2.5,0.8,"The documentation page focuses on best practices for skill authoring, which involves designing effective tool interfaces and selecting built-in tools effectively.",tool_interface_design
https://platform.claude.com/docs/en/agents-and-tools/agent-skills/enterprise,Skills for enterprise - Claude Platform Docs,agents-and-tools|agent-skills|enterprise,agents and tools|agent skills|enterprise,2,Tool Design & MCP Integration,2.5,"Select and apply built-in tools (Read, Write, Edit, Bash, Grep, Glob) effectively",2.1|2.3,0.8,"The content excerpt focuses on evaluating and deploying Skills in an enterprise environment, which requires effective tool selection and integration.",built_in_tool_usage
https://platform.claude.com/docs/en/agents-and-tools/agent-skills/overview,Agent Skills - Claude Platform Docs,agents-and-tools|agent-skills|overview,agents and tools|agent skills|overview,3,Domain3: Claude Code Configuration & Workflows,3.1,"Configure CLAUDE.md files with appropriate hierarchy, scoping, and modular organization",,0.2,Fallback classification used due to error: Model returned invalid taxonomy mapping.,claude_md_configuration
https://platform.claude.com/docs/en/agents-and-tools/agent-skills/quickstart,Get started with Agent Skills in the API - Claude Platform Docs,agents-and-tools|agent-skills|quickstart,agents and tools|agent skills|quickstart,2,Domain2: Tool Design & MCP Integration,2.1,Design effective tool interfaces with clear descriptions and boundaries,,0.2,Fallback classification used due to error: Model returned invalid taxonomy mapping.,tool_interface_design
https://platform.claude.com/docs/en/agents-and-tools/mcp-connector,MCP connector - Claude Platform Docs,agents-and-tools|mcp-connector,agents and tools|mcp connector,2,Domain2: Tool Design & MCP Integration,2.1,Design effective tool interfaces with clear descriptions and boundaries,,0.2,Fallback classification used due to error: Model returned invalid taxonomy mapping.,tool_interface_design
https://platform.claude.com/docs/en/agents-and-tools/remote-mcp-servers,Remote MCP servers - Claude Platform Docs,agents-and-tools|remote-mcp-servers,agents and tools|remote mcp servers,2,Tool Design & MCP Integration,2.4,Integrate MCP servers into Claude Code and agent workflows,,1.0,"The page is primarily about integrating remote MCP servers with the Claude API, which matches task 2.4.",mcp_integration
https://platform.claude.com/docs/en/agents-and-tools/tool-use/advisor-tool,Advisor tool - Claude Platform Docs,agents-and-tools|tool-use|advisor-tool,agents and tools|tool use|advisor tool,1,Domain1: Agentic Architecture & Orchestration,1.1,Design and implement agentic loops for autonomous task execution,,0.2,Fallback classification used due to error: Model returned invalid taxonomy mapping.,agent_loops
https://platform.claude.com/docs/en/agents-and-tools/tool-use/bash-tool,Bash tool - Claude Platform Docs,agents-and-tools|tool-use|bash-tool,agents and tools|tool use|bash tool,3,Domain3: Claude Code Configuration & Workflows,3.1,"Configure CLAUDE.md files with appropriate hierarchy, scoping, and modular organization",,0.2,Fallback classification used due to error: Model returned invalid taxonomy mapping.,claude_md_configuration
https://platform.claude.com/docs/en/agents-and-tools/tool-use/build-a-tool-using-agent,Tutorial: Build a tool-using agent - Claude Platform Docs,agents-and-tools|tool-use|build-a-tool-using-agent,agents and tools|tool use|build a tool using agent,1,Domain1: Agentic Architecture & Orchestration,1.1,Design and implement agentic loops for autonomous task execution,,0.2,Fallback classification used due to error: Model returned invalid taxonomy mapping.,agent_loops
https://platform.claude.com/docs/en/agents-and-tools/tool-use/code-execution-tool,Code execution tool - Claude Platform Docs,agents-and-tools|tool-use|code-execution-tool,agents and tools|tool use|code execution tool,2,Domain2: Tool Design & MCP Integration,2.1,Design effective tool interfaces with clear descriptions and boundaries,,0.2,Fallback classification used due to error: Model returned invalid taxonomy mapping.,tool_interface_design
https://platform.claude.com/docs/en/agents-and-tools/tool-use/computer-use-tool,Computer use tool - Claude Platform Docs,agents-and-tools|tool-use|computer-use-tool,agents and tools|tool use|computer use tool,2,Domain2: Tool Design & MCP Integration,2.1,Design effective tool interfaces with clear descriptions and boundaries,,0.2,Fallback classification used due to error: Model returned invalid taxonomy mapping.,tool_interface_design
https://platform.claude.com/docs/en/agents-and-tools/tool-use/define-tools,Define tools - Claude Platform Docs,agents-and-tools|tool-use|define-tools,agents and tools|tool use|define tools,4,Prompt Engineering & Structured Output,4.3,Enforce structured output using tool use and JSON schemas to improve precision and reduce false positives.,4.1|4.2,0.9,"The documentation provides a clear guide on how to enforce structured output using tool use and JSON schemas, which is essential for improving precision and reducing false positives.",structured_output
https://platform.claude.com/docs/en/agents-and-tools/tool-use/fine-grained-tool-streaming,Fine-grained tool streaming - Claude Platform Docs,agents-and-tools|tool-use|fine-grained-tool-streaming,agents and tools|tool use|fine grained tool streaming,1,Domain1: Agentic Architecture & Orchestration,1.1,Design and implement agentic loops for autonomous task execution,,0.2,Fallback classification used due to error: Model returned invalid taxonomy mapping.,agent_loops
https://platform.claude.com/docs/en/agents-and-tools/tool-use/handle-tool-calls,Handle tool calls - Claude Platform Docs,agents-and-tools|tool-use|handle-tool-calls,agents and tools|tool use|handle tool calls,2,Domain2: Tool Design & MCP Integration,2.1,Design effective tool interfaces with clear descriptions and boundaries,,0.2,Fallback classification used due to error: Model returned invalid taxonomy mapping.,tool_interface_design
https://platform.claude.com/docs/en/agents-and-tools/tool-use/how-tool-use-works,How tool use works - Claude Platform Docs,agents-and-tools|tool-use|how-tool-use-works,agents and tools|tool use|how tool use works,2,Domain2: Tool Design & MCP Integration,2.1,Design effective tool interfaces with clear descriptions and boundaries,,0.2,Fallback classification used due to error: Model returned invalid taxonomy mapping.,tool_interface_design
https://platform.claude.com/docs/en/agents-and-tools/tool-use/manage-tool-context,Manage tool context - Claude Platform Docs,agents-and-tools|tool-use|manage-tool-context,agents and tools|tool use|manage tool context,1,Domain1: Agentic Architecture & Orchestration,1.1,Design and implement agentic loops for autonomous task execution,,0.2,Fallback classification used due to error: Model returned invalid taxonomy mapping.,agent_loops
https://platform.claude.com/docs/en/agents-and-tools/tool-use/memory-tool,Memory tool - Claude Platform Docs,agents-and-tools|tool-use|memory-tool,agents and tools|tool use|memory tool,1,Domain1: Agentic Architecture & Orchestration,1.1,Design and implement agentic loops for autonomous task execution,,0.2,Fallback classification used due to error: Model returned invalid taxonomy mapping.,agent_loops
https://platform.claude.com/docs/en/agents-and-tools/tool-use/overview,Tool use with Claude - Claude Platform Docs,agents-and-tools|tool-use|overview,agents and tools|tool use|overview,2,Domain2: Tool Design & MCP Integration,2.1,Design effective tool interfaces with clear descriptions and boundaries,,0.2,Fallback classification used due to error: Model returned invalid taxonomy mapping.,tool_interface_design
https://platform.claude.com/docs/en/agents-and-tools/tool-use/parallel-tool-use,Parallel tool use - Claude Platform Docs,agents-and-tools|tool-use|parallel-tool-use,agents and tools|tool use|parallel tool use,1,Domain1: Agentic Architecture & Orchestration,1.1,Design and implement agentic loops for autonomous task execution,,0.2,Fallback classification used due to error: Model returned invalid taxonomy mapping.,agent_loops
https://platform.claude.com/docs/en/agents-and-tools/tool-use/programmatic-tool-calling,Programmatic tool calling - Claude Platform Docs,agents-and-tools|tool-use|programmatic-tool-calling,agents and tools|tool use|programmatic tool calling,3,Claude Code Configuration & Workflows,3.6,Integrate Claude Code into CI/CD pipelines,,1.0,"The content excerpt describes how to integrate Claude Code with other tools and systems, which aligns with the primary task of integrating Claude Code into CI/CD pipelines.",ci_cd_integration
https://platform.claude.com/docs/en/agents-and-tools/tool-use/server-tools,Server tools - Claude Platform Docs,agents-and-tools|tool-use|server-tools,agents and tools|tool use|server tools,2,Domain2: Tool Design & MCP Integration,2.1,Design effective tool interfaces with clear descriptions and boundaries,,0.2,Fallback classification used due to error: Model returned invalid taxonomy mapping.,tool_interface_design
https://platform.claude.com/docs/en/agents-and-tools/tool-use/strict-tool-use,Strict tool use - Claude Platform Docs,agents-and-tools|tool-use|strict-tool-use,agents and tools|tool use|strict tool use,4,Prompt Engineering & Structured Output,4.3,Enforce structured output using tool use and JSON schemas,,1.0,"The page describes how to enforce structured output using tool use and JSON schemas, which matches the description of task 4.3.",structured_output
https://platform.claude.com/docs/en/agents-and-tools/tool-use/text-editor-tool,Text editor tool - Claude Platform Docs,agents-and-tools|tool-use|text-editor-tool,agents and tools|tool use|text editor tool,2,Tool Design & MCP Integration,2.5,"Select and apply built-in tools (Read, Write, Edit, Bash, Grep, Glob) effectively",,0.9,"The text editor tool is a built-in tool that can be used for viewing and modifying files, which aligns with the primary task of selecting and applying built-in tools effectively.",built_in_tool_usage
https://platform.claude.com/docs/en/agents-and-tools/tool-use/tool-combinations,Tool combinations - Claude Platform Docs,agents-and-tools|tool-use|tool-combinations,agents and tools|tool use|tool combinations,2,Domain2: Tool Design & MCP Integration,2.1,Design effective tool interfaces with clear descriptions and boundaries,,0.2,Fallback classification used due to error: Model returned invalid taxonomy mapping.,tool_interface_design
https://platform.claude.com/docs/en/agents-and-tools/tool-use/tool-reference,Tool reference - Claude Platform Docs,agents-and-tools|tool-use|tool-reference,agents and tools|tool use|tool reference,2,Domain2: Tool Design & MCP Integration,2.1,Design effective tool interfaces with clear descriptions and boundaries,,0.2,Fallback classification used due to error: Model returned invalid taxonomy mapping.,tool_interface_design
https://platform.claude.com/docs/en/agents-and-tools/tool-use/tool-runner,Tool Runner (SDK) - Claude Platform Docs,agents-and-tools|tool-use|tool-runner,agents and tools|tool use|tool runner,2,Domain2: Tool Design & MCP Integration,2.1,Design effective tool interfaces with clear descriptions and boundaries,,0.2,Fallback classification used due to error: Model returned invalid taxonomy mapping.,tool_interface_design
https://platform.claude.com/docs/en/agents-and-tools/tool-use/tool-search-tool,Tool search tool - Claude Platform Docs,agents-and-tools|tool-use|tool-search-tool,agents and tools|tool use|tool search tool,1,Domain1: Agentic Architecture & Orchestration,1.1,Design and implement agentic loops for autonomous task execution,,0.2,Fallback classification used due to error: Model returned invalid taxonomy mapping.,agent_loops
https://platform.claude.com/docs/en/agents-and-tools/tool-use/tool-use-with-prompt-caching,Tool use with prompt caching - Claude Platform Docs,agents-and-tools|tool-use|tool-use-with-prompt-caching,agents and tools|tool use|tool use with prompt caching,2,Domain2: Tool Design & MCP Integration,2.1,Design effective tool interfaces with clear descriptions and boundaries,,0.2,Fallback classification used due to error: Model returned invalid taxonomy mapping.,tool_interface_design
https://platform.claude.com/docs/en/agents-and-tools/tool-use/troubleshooting-tool-use,Troubleshooting tool use - Claude Platform Docs,agents-and-tools|tool-use|troubleshooting-tool-use,agents and tools|tool use|troubleshooting tool use,2,Domain2: Tool Design & MCP Integration,2.1,Design effective tool interfaces with clear descriptions and boundaries,,0.2,Fallback classification used due to error: Model returned invalid taxonomy mapping.,tool_interface_design
https://platform.claude.com/docs/en/agents-and-tools/tool-use/web-fetch-tool,Web fetch tool - Claude Platform Docs,agents-and-tools|tool-use|web-fetch-tool,agents and tools|tool use|web fetch tool,3,Domain3: Claude Code Configuration & Workflows,3.1,"Configure CLAUDE.md files with appropriate hierarchy, scoping, and modular organization",,0.2,Fallback classification used due to error: Model returned invalid taxonomy mapping.,claude_md_configuration
https://platform.claude.com/docs/en/agents-and-tools/tool-use/web-search-tool,Web search tool - Claude Platform Docs,agents-and-tools|tool-use|web-search-tool,agents and tools|tool use|web search tool,2,Domain2: Tool Design & MCP Integration,2.1,Design effective tool interfaces with clear descriptions and boundaries,,0.2,Fallback classification used due to error: Model returned invalid taxonomy mapping.,tool_interface_design
https://platform.claude.com/docs/en/api/overview,API overview - Claude Platform Docs,api|overview,api|overview,3,Domain3: Claude Code Configuration & Workflows,3.1,"Configure CLAUDE.md files with appropriate hierarchy, scoping, and modular organization",,0.2,Fallback classification used due to error: Model returned invalid taxonomy mapping.,claude_md_configuration
https://platform.claude.com/docs/en/build-with-claude/adaptive-thinking,Adaptive thinking - Claude Platform Docs,build-with-claude|adaptive-thinking,build with claude|adaptive thinking,3,Domain3: Claude Code Configuration & Workflows,3.1,"Configure CLAUDE.md files with appropriate hierarchy, scoping, and modular organization",,0.2,Fallback classification used due to error: Model returned invalid taxonomy mapping.,claude_md_configuration
https://platform.claude.com/docs/en/build-with-claude/batch-processing,Batch processing - Claude Platform Docs,build-with-claude|batch-processing,build with claude|batch processing,4,Domain4: Prompt Engineering & Structured Output,4.1,Design prompts with explicit criteria to improve precision and reduce false positives,,0.2,Fallback classification used due to error: Model returned invalid taxonomy mapping.,precision_prompting
https://platform.claude.com/docs/en/build-with-claude/cache-diagnostics,Cache diagnostics - Claude Platform Docs,build-with-claude|cache-diagnostics,build with claude|cache diagnostics,2,Domain2: Tool Design & MCP Integration,2.1,Design effective tool interfaces with clear descriptions and boundaries,,0.2,Fallback classification used due to error: Model returned invalid taxonomy mapping.,tool_interface_design
https://platform.claude.com/docs/en/build-with-claude/citations,Citations - Claude Platform Docs,build-with-claude|citations,build with claude|citations,4,Prompt Engineering & Structured Output,4.3,Enforce structured output using tool use and JSON schemas to improve data quality and consistency.,4.1|4.2,0.9,"The documentation page focuses on structured output and citations, which aligns with the primary task of enforcing structured output using tool use and JSON schemas.",structured_output
https://platform.claude.com/docs/en/build-with-claude/claude-in-amazon-bedrock,Claude in Amazon Bedrock - Claude Platform Docs,build-with-claude|claude-in-amazon-bedrock,build with claude|claude in amazon bedrock,3,Domain3: Claude Code Configuration & Workflows,3.1,"Configure CLAUDE.md files with appropriate hierarchy, scoping, and modular organization",,0.2,Fallback classification used due to error: Model returned invalid taxonomy mapping.,claude_md_configuration
https://platform.claude.com/docs/en/build-with-claude/claude-in-microsoft-foundry,Claude in Microsoft Foundry - Claude Platform Docs,build-with-claude|claude-in-microsoft-foundry,build with claude|claude in microsoft foundry,2,Domain2: Tool Design & MCP Integration,2.1,Design effective tool interfaces with clear descriptions and boundaries,,0.2,Fallback classification used due to error: Model returned invalid taxonomy mapping.,tool_interface_design
https://platform.claude.com/docs/en/build-with-claude/claude-on-amazon-bedrock-legacy,Claude on Amazon Bedrock (legacy) - Claude Platform Docs,build-with-claude|claude-on-amazon-bedrock-legacy,build with claude|claude on amazon bedrock legacy,2,Domain2: Tool Design & MCP Integration,2.1,Design effective tool interfaces with clear descriptions and boundaries,,0.2,Fallback classification used due to error: Model returned invalid taxonomy mapping.,tool_interface_design
https://platform.claude.com/docs/en/build-with-claude/claude-on-vertex-ai,Claude on Google Cloud - Claude Platform Docs,build-with-claude|claude-on-vertex-ai,build with claude|claude on vertex ai,3,Domain3: Claude Code Configuration & Workflows,3.1,"Configure CLAUDE.md files with appropriate hierarchy, scoping, and modular organization",,0.2,Fallback classification used due to error: Model returned invalid taxonomy mapping.,claude_md_configuration
https://platform.claude.com/docs/en/build-with-claude/claude-platform-on-aws,Claude Platform on AWS - Claude Platform Docs,build-with-claude|claude-platform-on-aws,build with claude|claude platform on aws,3,Domain3: Claude Code Configuration & Workflows,3.1,"Configure CLAUDE.md files with appropriate hierarchy, scoping, and modular organization",,0.2,Fallback classification used due to error: Model returned invalid taxonomy mapping.,claude_md_configuration
https://platform.claude.com/docs/en/build-with-claude/compaction,Compaction - Claude Platform Docs,build-with-claude|compaction,build with claude|compaction,2,Domain2: Tool Design & MCP Integration,2.1,Design effective tool interfaces with clear descriptions and boundaries,,0.2,Fallback classification used due to error: Model returned invalid taxonomy mapping.,tool_interface_design
https://platform.claude.com/docs/en/build-with-claude/context-editing,Context editing - Claude Platform Docs,build-with-claude|context-editing,build with claude|context editing,2,Domain2: Tool Design & MCP Integration,2.1,Design effective tool interfaces with clear descriptions and boundaries,,0.2,Fallback classification used due to error: Model returned invalid taxonomy mapping.,tool_interface_design
https://platform.claude.com/docs/en/build-with-claude/context-windows,Context windows - Claude Platform Docs,build-with-claude|context-windows,build with claude|context windows,3,Claude Code Configuration & Workflows,3.1,"Configure CLAUDE.md files with appropriate hierarchy, scoping, and modular organization",,0.8,"The content excerpt focuses on configuring context windows for Claude models, which is related to configuring CLAUDE.md files.",claude_md_configuration
https://platform.claude.com/docs/en/build-with-claude/effort,Effort - Claude Platform Docs,build-with-claude|effort,build with claude|effort,3,Domain3: Claude Code Configuration & Workflows,3.1,"Configure CLAUDE.md files with appropriate hierarchy, scoping, and modular organization",,0.2,Fallback classification used due to error: Model returned invalid taxonomy mapping.,claude_md_configuration
https://platform.claude.com/docs/en/build-with-claude/embeddings,Embeddings - Claude Platform Docs,build-with-claude|embeddings,build with claude|embeddings,3,Claude Code Configuration & Workflows,3.6,Integrate Claude Code into CI/CD pipelines,,1.0,,ci_cd_integration
https://platform.claude.com/docs/en/build-with-claude/extended-thinking,Extended thinking - Claude Platform Docs,build-with-claude|extended-thinking,build with claude|extended thinking,3,Domain3: Claude Code Configuration & Workflows,3.1,"Configure CLAUDE.md files with appropriate hierarchy, scoping, and modular organization",,0.2,Fallback classification used due to error: Model returned invalid taxonomy mapping.,claude_md_configuration
https://platform.claude.com/docs/en/build-with-claude/fallback-credit,Fallback credit - Claude Platform Docs,build-with-claude|fallback-credit,build with claude|fallback credit,2,Domain2: Tool Design & MCP Integration,2.1,Design effective tool interfaces with clear descriptions and boundaries,,0.2,Fallback classification used due to error: Model returned invalid taxonomy mapping.,tool_interface_design
https://platform.claude.com/docs/en/build-with-claude/fast-mode,Fast mode (research preview) - Claude Platform Docs,build-with-claude|fast-mode,build with claude|fast mode,3,Domain3: Claude Code Configuration & Workflows,3.1,"Configure CLAUDE.md files with appropriate hierarchy, scoping, and modular organization",,0.2,Fallback classification used due to error: Model returned invalid taxonomy mapping.,claude_md_configuration
https://platform.claude.com/docs/en/build-with-claude/files,Files API - Claude Platform Docs,build-with-claude|files,build with claude|files,3,Domain3: Claude Code Configuration & Workflows,3.1,"Configure CLAUDE.md files with appropriate hierarchy, scoping, and modular organization",,0.2,Fallback classification used due to error: Model returned invalid taxonomy mapping.,claude_md_configuration
https://platform.claude.com/docs/en/build-with-claude/handling-stop-reasons,Stop reasons and fallback - Claude Platform Docs,build-with-claude|handling-stop-reasons,build with claude|handling stop reasons,2,Domain2: Tool Design & MCP Integration,2.1,Design effective tool interfaces with clear descriptions and boundaries,,0.2,Fallback classification used due to error: Model returned invalid taxonomy mapping.,tool_interface_design
https://platform.claude.com/docs/en/build-with-claude/mid-conversation-effort-example,Build an orchestration mode - Claude Platform Docs,build-with-claude|mid-conversation-effort-example,build with claude|mid conversation effort example,1,Domain1: Agentic Architecture & Orchestration,1.1,Design and implement agentic loops for autonomous task execution,,0.2,Fallback classification used due to error: Model returned invalid taxonomy mapping.,agent_loops
https://platform.claude.com/docs/en/build-with-claude/mid-conversation-system-messages,Mid-conversation system messages - Claude Platform Docs,build-with-claude|mid-conversation-system-messages,build with claude|mid conversation system messages,2,Domain2: Tool Design & MCP Integration,2.1,Design effective tool interfaces with clear descriptions and boundaries,,0.2,Fallback classification used due to error: Model returned invalid taxonomy mapping.,tool_interface_design
https://platform.claude.com/docs/en/build-with-claude/multilingual-support,Multilingual support - Claude Platform Docs,build-with-claude|multilingual-support,build with claude|multilingual support,3,Domain3: Claude Code Configuration & Workflows,3.1,"Configure CLAUDE.md files with appropriate hierarchy, scoping, and modular organization",,0.2,Fallback classification used due to error: Model returned invalid taxonomy mapping.,claude_md_configuration
https://platform.claude.com/docs/en/build-with-claude/overview,Features overview - Claude Platform Docs,build-with-claude|overview,build with claude|overview,2,Domain2: Tool Design & MCP Integration,2.1,Design effective tool interfaces with clear descriptions and boundaries,,0.2,Fallback classification used due to error: Model returned invalid taxonomy mapping.,tool_interface_design
https://platform.claude.com/docs/en/build-with-claude/pdf-support,PDF support - Claude Platform Docs,build-with-claude|pdf-support,build with claude|pdf support,3,Domain3: Claude Code Configuration & Workflows,3.1,"Configure CLAUDE.md files with appropriate hierarchy, scoping, and modular organization",,0.2,Fallback classification used due to error: Model returned invalid taxonomy mapping.,claude_md_configuration
https://platform.claude.com/docs/en/build-with-claude/prompt-caching,Prompt caching - Claude Platform Docs,build-with-claude|prompt-caching,build with claude|prompt caching,3,Domain3: Claude Code Configuration & Workflows,3.1,"Configure CLAUDE.md files with appropriate hierarchy, scoping, and modular organization",,0.2,Fallback classification used due to error: Model returned invalid taxonomy mapping.,claude_md_configuration
https://platform.claude.com/docs/en/build-with-claude/refusals-and-fallback,Refusals and fallback - Claude Platform Docs,build-with-claude|refusals-and-fallback,build with claude|refusals and fallback,2,Domain2: Tool Design & MCP Integration,2.1,Design effective tool interfaces with clear descriptions and boundaries,,0.2,Fallback classification used due to error: Model returned invalid taxonomy mapping.,tool_interface_design
https://platform.claude.com/docs/en/build-with-claude/search-results,Search results - Claude Platform Docs,build-with-claude|search-results,build with claude|search results,3,Domain3: Claude Code Configuration & Workflows,3.1,"Configure CLAUDE.md files with appropriate hierarchy, scoping, and modular organization",,0.2,Fallback classification used due to error: Model returned invalid taxonomy mapping.,claude_md_configuration
https://platform.claude.com/docs/en/build-with-claude/skills-guide,Using Agent Skills with the API - Claude Platform Docs,build-with-claude|skills-guide,build with claude|skills guide,3,Domain3: Claude Code Configuration & Workflows,3.1,"Configure CLAUDE.md files with appropriate hierarchy, scoping, and modular organization",,0.2,Fallback classification used due to error: Model returned invalid taxonomy mapping.,claude_md_configuration
https://platform.claude.com/docs/en/build-with-claude/streaming,Streaming messages - Claude Platform Docs,build-with-claude|streaming,build with claude|streaming,2,Domain2: Tool Design & MCP Integration,2.1,Design effective tool interfaces with clear descriptions and boundaries,,0.2,Fallback classification used due to error: Model returned invalid taxonomy mapping.,tool_interface_design
https://platform.claude.com/docs/en/build-with-claude/structured-outputs,Structured outputs - Claude Platform Docs,build-with-claude|structured-outputs,build with claude|structured outputs,4,Prompt Engineering & Structured Output,4.3,Enforce structured output using tool use and JSON schemas,,1.0,"The documentation page focuses on enforcing structured output using tool use and JSON schemas, which aligns with the primary task of Enforce structured output using tool use and JSON schemas in Domain 4: Prompt Engineering & Structured Output.",structured_output
https://platform.claude.com/docs/en/build-with-claude/task-budgets,Task budgets - Claude Platform Docs,build-with-claude|task-budgets,build with claude|task budgets,3,Domain3: Claude Code Configuration & Workflows,3.1,"Configure CLAUDE.md files with appropriate hierarchy, scoping, and modular organization",,0.2,Fallback classification used due to error: Model returned invalid taxonomy mapping.,claude_md_configuration
https://platform.claude.com/docs/en/build-with-claude/token-counting,Token counting - Claude Platform Docs,build-with-claude|token-counting,build with claude|token counting,2,Domain2: Tool Design & MCP Integration,2.1,Design effective tool interfaces with clear descriptions and boundaries,,0.2,Fallback classification used due to error: Model returned invalid taxonomy mapping.,tool_interface_design
https://platform.claude.com/docs/en/build-with-claude/vision,Vision - Claude Platform Docs,build-with-claude|vision,build with claude|vision,3,Domain3: Claude Code Configuration & Workflows,3.1,"Configure CLAUDE.md files with appropriate hierarchy, scoping, and modular organization",,0.2,Fallback classification used due to error: Model returned invalid taxonomy mapping.,claude_md_configuration
https://platform.claude.com/docs/en/build-with-claude/working-with-messages,Using the Messages API - Claude Platform Docs,build-with-claude|working-with-messages,build with claude|working with messages,1,Domain1: Agentic Architecture & Orchestration,1.1,Design and implement agentic loops for autonomous task execution,,0.2,Fallback classification used due to error: Model returned invalid taxonomy mapping.,agent_loops
https://platform.claude.com/docs/en/get-started,Get started with Claude - Claude Platform Docs,get-started,get started,4,Prompt Engineering & Structured Output,4.1,Design prompts with explicit criteria to improve precision and reduce false positives,,0.8,"The page provides guidance on designing prompts, which is a key aspect of prompt engineering.",precision_prompting
https://platform.claude.com/docs/en/home,Documentation - Claude Platform Docs,home,home,1,Agentic Architecture & Orchestration,1.2,Orchestrate multi-agent systems with coordinator-subagent patterns,,0.9,"The content excerpt discusses direct model access and fully managed agent infrastructure, which aligns with the task of orchestrating multi-agent systems.",multi_agent_orchestration
https://platform.claude.com/docs/en/intro,Intro to Claude - Claude Platform Docs,intro,intro,3,Claude Code Configuration & Workflows,3.1,"Configure CLAUDE.md files with appropriate hierarchy, scoping, and modular organization",,0.9,"The page provides an introduction to Claude and its features, but the primary focus is on configuring CLAUDE.md files, which falls under Domain3: Claude Code Configuration & Workflows",claude_md_configuration
https://platform.claude.com/docs/en/manage-claude/admin-api,Admin API - Claude Platform Docs,manage-claude|admin-api,manage claude|admin api,3,Domain3: Claude Code Configuration & Workflows,3.1,"Configure CLAUDE.md files with appropriate hierarchy, scoping, and modular organization",,0.2,Fallback classification used due to error: Model returned invalid taxonomy mapping.,claude_md_configuration
https://platform.claude.com/docs/en/managed-agents/overview,Claude Managed Agents overview - Claude Platform Docs,managed-agents|overview,managed agents|overview,2,Tool Design & MCP Integration,2.1,Design effective tool interfaces with clear descriptions and boundaries,,0.8,"The page discusses the tools available in Claude Managed Agents, including built-in tools and MCP integration.",tool_interface_design
https://platform.claude.com/docs/en/test-and-evaluate/strengthen-guardrails/handle-streaming-refusals,Streaming refusals - Claude Platform Docs,test-and-evaluate|strengthen-guardrails|handle-streaming-refusals,test and evaluate|strengthen guardrails|handle streaming refusals,2,Domain2: Tool Design & MCP Integration,2.1,Design effective tool interfaces with clear descriptions and boundaries,,0.2,Fallback classification used due to error: Model returned invalid taxonomy mapping.,tool_interface_design
https://platform.claude.com/docs/en/about-claude/model-deprecations,Model deprecations - Claude Platform Docs,about-claude|model-deprecations,about claude|model deprecations,3,Claude Code Configuration & Workflows,3.6,Integrate Claude Code into CI/CD pipelines,,1.0,"The documentation page is about model deprecations and retirement, which implies the need to integrate new models into CI/CD pipelines.",ci_cd_integration
https://platform.claude.com/docs/en/about-claude/models/choosing-a-model,Choosing the right model - Claude Platform Docs,about-claude|models|choosing-a-model,about claude|models|choosing a model,3,Claude Code Configuration & Workflows,3.1,"Configure CLAUDE.md files with appropriate hierarchy, scoping, and modular organization",,0.9,"The content excerpt focuses on choosing the right Claude model for specific use cases, which is closely related to configuring CLAUDE.md files.",claude_md_configuration
https://platform.claude.com/docs/en/about-claude/models/introducing-claude-fable-5-and-claude-mythos-5,Introducing Claude Fable 5 and Claude Mythos 5 - Claude Platform Docs,about-claude|models|introducing-claude-fable-5-and-claude-mythos-5,about claude|models|introducing claude fable 5 and claude mythos 5,2,Domain2: Tool Design & MCP Integration,2.1,Design effective tool interfaces with clear descriptions and boundaries,,0.2,Fallback classification used due to error: Model returned invalid taxonomy mapping.,tool_interface_design
https://platform.claude.com/docs/en/about-claude/models/migration-guide,Migration guide - Claude Platform Docs,about-claude|models|migration-guide,about claude|models|migration guide,3,Domain3: Claude Code Configuration & Workflows,3.1,"Configure CLAUDE.md files with appropriate hierarchy, scoping, and modular organization",,0.2,Fallback classification used due to error: Model returned invalid taxonomy mapping.,claude_md_configuration
https://platform.claude.com/docs/en/about-claude/models/model-ids-and-versions,Model IDs and versioning - Claude Platform Docs,about-claude|models|model-ids-and-versions,about claude|models|model ids and versions,3,Domain3: Claude Code Configuration & Workflows,3.1,"Configure CLAUDE.md files with appropriate hierarchy, scoping, and modular organization",,0.2,Fallback classification used due to error: Model returned invalid taxonomy mapping.,claude_md_configuration
https://platform.claude.com/docs/en/about-claude/models/whats-new-claude-4-8,What's new in Claude Opus 4.8 - Claude Platform Docs,about-claude|models|whats-new-claude-4-8,about claude|models|whats new claude 4 8,3,Domain3: Claude Code Configuration & Workflows,3.1,"Configure CLAUDE.md files with appropriate hierarchy, scoping, and modular organization",,0.2,Fallback classification used due to error: Model returned invalid taxonomy mapping.,claude_md_configuration
https://platform.claude.com/docs/en/about-claude/models/whats-new-sonnet-5,What's new in Claude Sonnet 5 - Claude Platform Docs,about-claude|models|whats-new-sonnet-5,about claude|models|whats new sonnet 5,4,Prompt Engineering & Structured Output,4.1,Design prompts with explicit criteria to improve precision and reduce false positives,,1.0,"The documentation page focuses on the new features and behavior changes of Claude Sonnet 5, which requires designing prompts with explicit criteria to improve precision and reduce false positives.",precision_prompting
https://platform.claude.com/docs/en/about-claude/pricing,Pricing - Claude Platform Docs,about-claude|pricing,about claude|pricing,2,Tool Design & MCP Integration,2.1,Design effective tool interfaces with clear descriptions and boundaries,,0.8,"The provided documentation page focuses on the pricing structure of Claude models, which implies a need for designing effective tool interfaces to display this information in a user-friendly manner.",tool_interface_design
https://platform.claude.com/docs/en/api/models/list,List Models - Claude API Reference,api|models|list,api|models|list,3,Claude Code Configuration & Workflows,3.6,Integrate Claude Code into CI/CD pipelines,,0.8,"The URL is related to listing models in the Claude API Reference, which implies integration with CI/CD pipelines.",ci_cd_integration
https://platform.claude.com/docs/en/build-with-claude/prompt-engineering,Prompt engineering overview - Claude Platform Docs,build-with-claude|prompt-engineering,build with claude|prompt engineering,3,Claude Code Configuration & Workflows,3.1,"Configure CLAUDE.md files with appropriate hierarchy, scoping, and modular organization",,0.8,"The content excerpt focuses on prompt engineering concepts, which is closely related to configuring CLAUDE.md files (3.1).",claude_md_configuration
https://platform.claude.com/docs/en/build-with-claude/prompt-engineering/claude-prompting-best-practices,Prompting best practices - Claude Platform Docs,build-with-claude|prompt-engineering|claude-prompting-best-practices,build with claude|prompt engineering|claude prompting best practices,3,Domain3: Claude Code Configuration & Workflows,3.1,"Configure CLAUDE.md files with appropriate hierarchy, scoping, and modular organization",,0.2,Fallback classification used due to error: Model returned invalid taxonomy mapping.,claude_md_configuration
https://platform.claude.com/docs/en/release-notes/system-prompts,System Prompts - Claude Platform Docs,release-notes|system-prompts,release notes|system prompts,3,Domain3: Claude Code Configuration & Workflows,3.1,"Configure CLAUDE.md files with appropriate hierarchy, scoping, and modular organization",,0.2,Fallback classification used due to error: Model returned invalid taxonomy mapping.,claude_md_configuration
https://platform.claude.com/docs/en/resources/overview,Resources - Claude Platform Docs,resources|overview,resources|overview,3,Domain3: Claude Code Configuration & Workflows,3.1,"Configure CLAUDE.md files with appropriate hierarchy, scoping, and modular organization",,0.2,Fallback classification used due to error: Model returned invalid taxonomy mapping.,claude_md_configuration
https://platform.claude.com/docs/en/test-and-evaluate/develop-tests,Define success criteria and build evaluations - Claude Platform Docs,test-and-evaluate|develop-tests,test and evaluate|develop tests,3,Claude Code Configuration & Workflows,3.1,"Configure CLAUDE.md files with appropriate hierarchy, scoping, and modular organization",,0.8,"The page discusses setting up success criteria and evaluations for LLM-based applications, which is related to configuring Claude Code configuration and workflows.",claude_md_configuration
https://platform.claude.com/docs/en/agents-and-tools/agent-skills/claude-api-skill,Claude API skill - Claude Platform Docs,agents-and-tools|agent-skills|claude-api-skill,agents and tools|agent skills|claude api skill,4,Domain4: Prompt Engineering & Structured Output,4.1,Design prompts with explicit criteria to improve precision and reduce false positives,,0.2,Fallback classification used due to error: Model returned invalid taxonomy mapping.,precision_prompting
https://platform.claude.com/docs/en/build-with-claude/api-and-data-retention,API and data retention - Claude Platform Docs,build-with-claude|api-and-data-retention,build with claude|api and data retention,4,Prompt Engineering & Structured Output,4.3,Enforce structured output using tool use and JSON schemas,,1.0,"The documentation page focuses on enforcing structured output using tool use and JSON schemas, which aligns with the primary task of Enforce structured output using tool use and JSON schemas (4.3).",structured_output
https://platform.claude.com/docs/en/manage-claude/api-and-data-retention,API and data retention - Claude Platform Docs,manage-claude|api-and-data-retention,manage claude|api and data retention,4,Prompt Engineering & Structured Output,4.3,Enforce structured output using tool use and JSON schemas,,1.0,"The documentation page focuses on enforcing structured output using tool use and JSON schemas, which aligns with the primary task of Enforce structured output using tool use and JSON schemas (4.3).",structured_output
https://platform.claude.com/docs/en/api/skills/create-skill,Create Skill - Claude API Reference,api|skills|create-skill,api|skills|create skill,3,Domain3: Claude Code Configuration & Workflows,3.1,"Configure CLAUDE.md files with appropriate hierarchy, scoping, and modular organization",,0.2,Fallback classification used due to error: Model returned invalid taxonomy mapping.,claude_md_configuration
https://platform.claude.com/docs/en/api/service-tiers,Service tiers - Claude Platform Docs,api|service-tiers,api|service tiers,2,Domain2: Tool Design & MCP Integration,2.1,Design effective tool interfaces with clear descriptions and boundaries,,0.2,Fallback classification used due to error: Model returned invalid taxonomy mapping.,tool_interface_design
https://platform.claude.com/docs/en/api/beta-headers,Beta headers - Claude Platform Docs,api|beta-headers,api|beta headers,3,Claude Code Configuration & Workflows,3.2,Create and configure custom slash commands and skills,,0.9,"The page describes how to access experimental features using beta headers, which is related to configuring Claude Code.",commands_and_skills
https://platform.claude.com/docs/en/test-and-evaluate/strengthen-guardrails/mitigate-jailbreaks,Mitigate jailbreaks and prompt injections - Claude Platform Docs,test-and-evaluate|strengthen-guardrails|mitigate-jailbreaks,test and evaluate|strengthen guardrails|mitigate jailbreaks,4,Prompt Engineering & Structured Output,4.1,Design prompts with explicit criteria to improve precision and reduce false positives,4.2|4.3,0.9,"The page provides guidance on designing system prompts that emphasize ethical and legal boundaries, and explicitly tell Claude how to refuse, which aligns with the primary task of designing prompts with explicit criteria.",precision_prompting
https://platform.claude.com/docs/en/managed-agents/tools,Tools - Claude Platform Docs,managed-agents|tools,managed agents|tools,2,Domain2: Tool Design & MCP Integration,2.1,Design effective tool interfaces with clear descriptions and boundaries,,0.2,Fallback classification used due to error: Model returned invalid taxonomy mapping.,tool_interface_design
https://platform.claude.com/docs/en/api/errors,Errors - Claude Platform Docs,api|errors,api|errors,2,Domain2: Tool Design & MCP Integration,2.1,Design effective tool interfaces with clear descriptions and boundaries,,0.2,Fallback classification used due to error: Model returned invalid taxonomy mapping.,tool_interface_design
https://platform.claude.com/docs/en/api/creating-message-batches,Create a Message Batch - Claude API Reference,api|creating-message-batches,api|creating message batches,3,Domain3: Claude Code Configuration & Workflows,3.1,"Configure CLAUDE.md files with appropriate hierarchy, scoping, and modular organization",,0.2,Fallback classification used due to error: Model returned invalid taxonomy mapping.,claude_md_configuration
https://platform.claude.com/docs/en/api/files-create,Upload File - Claude API Reference,api|files-create,api|files create,3,Domain3: Claude Code Configuration & Workflows,3.1,"Configure CLAUDE.md files with appropriate hierarchy, scoping, and modular organization",,0.2,Fallback classification used due to error: Model returned invalid taxonomy mapping.,claude_md_configuration
https://platform.claude.com/docs/en/api/messages-count-tokens,Count tokens in a Message - Claude API Reference,api|messages-count-tokens,api|messages count tokens,3,Claude Code Configuration & Workflows,3.1,"Configure CLAUDE.md files to ensure proper hierarchy, scoping, and modular organization.",,0.8,The URL and title suggest a task related to configuring CLAUDE code.,claude_md_configuration
https://platform.claude.com/docs/en/api/messages/create,Create a Message - Claude API Reference,api|messages|create,api|messages|create,3,Domain3: Claude Code Configuration & Workflows,3.1,"Configure CLAUDE.md files with appropriate hierarchy, scoping, and modular organization",,0.2,Fallback classification used due to error: Model returned invalid taxonomy mapping.,claude_md_configuration
https://platform.claude.com/docs/en/api/rate-limits,Rate limits - Claude Platform Docs,api|rate-limits,api|rate limits,2,Domain2: Tool Design & MCP Integration,2.1,Design effective tool interfaces with clear descriptions and boundaries,,0.2,Fallback classification used due to error: Model returned invalid taxonomy mapping.,tool_interface_design
https://platform.claude.com/docs/en/api/supported-regions,Supported regions - Claude Platform Docs,api|supported-regions,api|supported regions,3,Domain3: Claude Code Configuration & Workflows,3.1,"Configure CLAUDE.md files with appropriate hierarchy, scoping, and modular organization",,0.2,Fallback classification used due to error: Model returned invalid taxonomy mapping.,claude_md_configuration
https://platform.claude.com/docs/en/api/versioning,Versions - Claude Platform Docs,api|versioning,api|versioning,3,Domain3: Claude Code Configuration & Workflows,3.1,"Configure CLAUDE.md files with appropriate hierarchy, scoping, and modular organization",,0.2,Fallback classification used due to error: Model returned invalid taxonomy mapping.,claude_md_configuration
https://platform.claude.com/docs/en/cli-sdks-libraries/overview,"CLI, SDKs, and libraries - Claude Platform Docs",cli-sdks-libraries|overview,cli sdks libraries|overview,3,Domain3: Claude Code Configuration & Workflows,3.1,"Configure CLAUDE.md files with appropriate hierarchy, scoping, and modular organization",,0.2,Fallback classification used due to error: Model returned invalid taxonomy mapping.,claude_md_configuration
https://platform.claude.com/docs/en/manage-claude/authentication,Authentication - Claude Platform Docs,manage-claude|authentication,manage claude|authentication,3,Domain3: Claude Code Configuration & Workflows,3.1,"Configure CLAUDE.md files with appropriate hierarchy, scoping, and modular organization",,0.2,Fallback classification used due to error: Model returned invalid taxonomy mapping.,claude_md_configuration
https://platform.claude.com/docs/en/manage-claude/workload-identity-federation,Workload Identity Federation - Claude Platform Docs,manage-claude|workload-identity-federation,manage claude|workload identity federation,2,Domain2: Tool Design & MCP Integration,2.1,Design effective tool interfaces with clear descriptions and boundaries,,0.2,Fallback classification used due to error: Model returned invalid taxonomy mapping.,tool_interface_design
https://platform.claude.com/docs/en/managed-agents/agent-setup,Define your agent - Claude Platform Docs,managed-agents|agent-setup,managed agents|agent setup,2,Domain2: Tool Design & MCP Integration,2.1,Design effective tool interfaces with clear descriptions and boundaries,,0.2,Fallback classification used due to error: Model returned invalid taxonomy mapping.,tool_interface_design
https://platform.claude.com/docs/en/managed-agents/environments,Cloud environment setup - Claude Platform Docs,managed-agents|environments,managed agents|environments,2,Domain2: Tool Design & MCP Integration,2.1,Design effective tool interfaces with clear descriptions and boundaries,,0.2,Fallback classification used due to error: Model returned invalid taxonomy mapping.,tool_interface_design
https://platform.claude.com/docs/en/managed-agents/quickstart,Get started with Claude Managed Agents - Claude Platform Docs,managed-agents|quickstart,managed agents|quickstart,2,Domain2: Tool Design & MCP Integration,2.1,Design effective tool interfaces with clear descriptions and boundaries,,0.2,Fallback classification used due to error: Model returned invalid taxonomy mapping.,tool_interface_design
https://platform.claude.com/docs/en/managed-agents/session-operations,Session operations - Claude Platform Docs,managed-agents|session-operations,managed agents|session operations,2,Domain2: Tool Design & MCP Integration,2.1,Design effective tool interfaces with clear descriptions and boundaries,,0.2,Fallback classification used due to error: Model returned invalid taxonomy mapping.,tool_interface_design
https://platform.claude.com/docs/en/managed-agents/sessions,Start a session - Claude Platform Docs,managed-agents|sessions,managed agents|sessions,2,Domain2: Tool Design & MCP Integration,2.1,Design effective tool interfaces with clear descriptions and boundaries,,0.2,Fallback classification used due to error: Model returned invalid taxonomy mapping.,tool_interface_design
https://platform.claude.com/docs/en/build-with-claude/prompt-engineering/prompting-claude-sonnet-5,Prompting Claude Sonnet 5 - Claude Platform Docs,build-with-claude|prompt-engineering|prompting-claude-sonnet-5,build with claude|prompt engineering|prompting claude sonnet 5,3,Domain3: Claude Code Configuration & Workflows,3.1,"Configure CLAUDE.md files with appropriate hierarchy, scoping, and modular organization",,0.2,Fallback classification used due to error: Model returned invalid taxonomy mapping.,claude_md_configuration
https://platform.claude.com/docs/en/api/canceling-message-batches,Cancel a Message Batch - Claude API Reference,api|canceling-message-batches,api|canceling message batches,3,Domain3: Claude Code Configuration & Workflows,3.1,"Configure CLAUDE.md files with appropriate hierarchy, scoping, and modular organization",,0.2,Fallback classification used due to error: Model returned invalid taxonomy mapping.,claude_md_configuration
https://platform.claude.com/docs/en/api/listing-message-batches,List Message Batches - Claude API Reference,api|listing-message-batches,api|listing message batches,3,Domain3: Claude Code Configuration & Workflows,3.1,"Configure CLAUDE.md files with appropriate hierarchy, scoping, and modular organization",,0.2,Fallback classification used due to error: Model returned invalid taxonomy mapping.,claude_md_configuration
https://platform.claude.com/docs/en/api/retrieving-message-batch-results,Retrieve Message Batch results - Claude API Reference,api|retrieving-message-batch-results,api|retrieving message batch results,3,Claude Code Configuration & Workflows,3.6,Integrate Claude Code into CI/CD pipelines,,1.0,"The URL is related to retrieving message batch results, which falls under integrating Claude Code with CI/CD pipelines.",ci_cd_integration
https://platform.claude.com/docs/en/api/retrieving-message-batches,Retrieve a Message Batch - Claude API Reference,api|retrieving-message-batches,api|retrieving message batches,3,Domain3: Claude Code Configuration & Workflows,3.1,"Configure CLAUDE.md files with appropriate hierarchy, scoping, and modular organization",,0.2,Fallback classification used due to error: Model returned invalid taxonomy mapping.,claude_md_configuration
https://platform.claude.com/docs/en/api/claude-platform-on-aws-iam-actions,IAM actions for Claude Platform on AWS - Claude Platform Docs,api|claude-platform-on-aws-iam-actions,api|claude platform on aws iam actions,3,Claude Code Configuration & Workflows,3.6,Integrate Claude Code into CI/CD pipelines,,1.0,"The documentation page is about configuring IAM actions for the Claude Platform on AWS, which involves integrating Claude Code into CI/CD pipelines.",ci_cd_integration
https://platform.claude.com/docs/en/manage-claude/cmek,Customer-managed encryption keys - Claude Platform Docs,manage-claude|cmek,manage claude|cmek,2,Domain2: Tool Design & MCP Integration,2.1,Design effective tool interfaces with clear descriptions and boundaries,,0.2,Fallback classification used due to error: Model returned invalid taxonomy mapping.,tool_interface_design
https://platform.claude.com/docs/en/manage-claude/cmek-aws-kms,Configure AWS KMS for CMEK - Claude Platform Docs,manage-claude|cmek-aws-kms,manage claude|cmek aws kms,3,Domain3: Claude Code Configuration & Workflows,3.1,"Configure CLAUDE.md files with appropriate hierarchy, scoping, and modular organization",,0.2,Fallback classification used due to error: Model returned invalid taxonomy mapping.,claude_md_configuration
https://platform.claude.com/docs/en/manage-claude/compliance-api,Compliance API - Claude Platform Docs,manage-claude|compliance-api,manage claude|compliance api,3,Domain3: Claude Code Configuration & Workflows,3.1,"Configure CLAUDE.md files with appropriate hierarchy, scoping, and modular organization",,0.2,Fallback classification used due to error: Model returned invalid taxonomy mapping.,claude_md_configuration
https://platform.claude.com/docs/en/manage-claude/data-residency,Data residency - Claude Platform Docs,manage-claude|data-residency,manage claude|data residency,2,Domain2: Tool Design & MCP Integration,2.1,Design effective tool interfaces with clear descriptions and boundaries,,0.2,Fallback classification used due to error: Model returned invalid taxonomy mapping.,tool_interface_design
https://platform.claude.com/docs/en/managed-agents/events-and-streaming,Session event stream - Claude Platform Docs,managed-agents|events-and-streaming,managed agents|events and streaming,2,Domain2: Tool Design & MCP Integration,2.1,Design effective tool interfaces with clear descriptions and boundaries,,0.2,Fallback classification used due to error: Model returned invalid taxonomy mapping.,tool_interface_design
https://platform.claude.com/docs/en/managed-agents/memory,Using agent memory - Claude Platform Docs,managed-agents|memory,managed agents|memory,2,Domain2: Tool Design & MCP Integration,2.1,Design effective tool interfaces with clear descriptions and boundaries,,0.2,Fallback classification used due to error: Model returned invalid taxonomy mapping.,tool_interface_design
https://platform.claude.com/docs/en/managed-agents/multi-agent,Multi-agent sessions - Claude Platform Docs,managed-agents|multi-agent,managed agents|multi agent,1,Domain1: Agentic Architecture & Orchestration,1.1,Design and implement agentic loops for autonomous task execution,,0.2,Fallback classification used due to error: Model returned invalid taxonomy mapping.,agent_loops
https://platform.claude.com/docs/en/managed-agents/reference,Reference - Claude Platform Docs,managed-agents|reference,managed agents|reference,2,Tool Design & MCP Integration,2.3,Distribute tools appropriately across agents and configure tool choice,2.1|2.4,0.9,"The page discusses the configuration of tools for Managed Agents, which aligns with task 2.3. Additionally, it mentions MCP servers and integration, which is relevant to tasks 2.1 and 2.4.",tool_distribution_and_choice
https://platform.claude.com/docs/en/managed-agents/self-hosted-sandboxes,Self-hosted sandboxes - Claude Platform Docs,managed-agents|self-hosted-sandboxes,managed agents|self hosted sandboxes,2,Domain2: Tool Design & MCP Integration,2.1,Design effective tool interfaces with clear descriptions and boundaries,,0.2,Fallback classification used due to error: Model returned invalid taxonomy mapping.,tool_interface_design
https://platform.claude.com/docs/en/managed-agents/vaults,Authenticate with vaults - Claude Platform Docs,managed-agents|vaults,managed agents|vaults,2,Domain2: Tool Design & MCP Integration,2.1,Design effective tool interfaces with clear descriptions and boundaries,,0.2,Fallback classification used due to error: Model returned invalid taxonomy mapping.,tool_interface_design
https://platform.claude.com/docs/en/managed-agents/webhooks,Subscribe to webhooks - Claude Platform Docs,managed-agents|webhooks,managed agents|webhooks,1,Domain1: Agentic Architecture & Orchestration,1.1,Design and implement agentic loops for autonomous task execution,,0.2,Fallback classification used due to error: Model returned invalid taxonomy mapping.,agent_loops
https://platform.claude.com/docs/en/build-with-claude/prompt-engineering/prompting-claude-fable-5,Prompting Claude Fable 5 - Claude Platform Docs,build-with-claude|prompt-engineering|prompting-claude-fable-5,build with claude|prompt engineering|prompting claude fable 5,2,Domain2: Tool Design & MCP Integration,2.1,Design effective tool interfaces with clear descriptions and boundaries,,0.2,Fallback classification used due to error: Model returned invalid taxonomy mapping.,tool_interface_design
https://platform.claude.com/docs/en/cli-sdks-libraries/middleware,SDK middleware - Claude Platform Docs,cli-sdks-libraries|middleware,cli sdks libraries|middleware,3,Domain3: Claude Code Configuration & Workflows,3.1,"Configure CLAUDE.md files with appropriate hierarchy, scoping, and modular organization",,0.2,Fallback classification used due to error: Model returned invalid taxonomy mapping.,claude_md_configuration
https://platform.claude.com/docs/en/manage-claude/usage-cost-api,Usage and Cost API - Claude Platform Docs,manage-claude|usage-cost-api,manage claude|usage cost api,2,Domain2: Tool Design & MCP Integration,2.1,Design effective tool interfaces with clear descriptions and boundaries,,0.2,Fallback classification used due to error: Model returned invalid taxonomy mapping.,tool_interface_design
https://platform.claude.com/docs/en/api/files-list,List Files - Claude API Reference,api|files-list,api|files list,3,Domain3: Claude Code Configuration & Workflows,3.1,"Configure CLAUDE.md files with appropriate hierarchy, scoping, and modular organization",,0.2,Fallback classification used due to error: Model returned invalid taxonomy mapping.,claude_md_configuration
https://platform.claude.com/docs/en/about-claude/use-case-guides/customer-support-chat,Customer support agent - Claude Platform Docs,about-claude|use-case-guides|customer-support-chat,about claude|use case guides|customer support chat,2,Domain2: Tool Design & MCP Integration,2.1,Design effective tool interfaces with clear descriptions and boundaries,,0.2,Fallback classification used due to error: Model returned invalid taxonomy mapping.,tool_interface_design
https://platform.claude.com/docs/en/build-with-claude/prompt-engineering/overview,Prompt engineering overview - Claude Platform Docs,build-with-claude|prompt-engineering|overview,build with claude|prompt engineering|overview,3,Domain3: Claude Code Configuration & Workflows,3.1,"Configure CLAUDE.md files with appropriate hierarchy, scoping, and modular organization",,0.2,Fallback classification used due to error: Model returned invalid taxonomy mapping.,claude_md_configuration
https://platform.claude.com/docs/en/mcp,What is the Model Context Protocol (MCP)? - Model Context Protocol,mcp,mcp,2,Domain2: Tool Design & MCP Integration,2.1,Design effective tool interfaces with clear descriptions and boundaries,,0.2,Fallback classification used due to error: Model returned invalid taxonomy mapping.,tool_interface_design
https://platform.claude.com/docs/en/manage-claude/workspaces,Workspaces - Claude Platform Docs,manage-claude|workspaces,manage claude|workspaces,3,Domain3: Claude Code Configuration & Workflows,3.1,"Configure CLAUDE.md files with appropriate hierarchy, scoping, and modular organization",,0.2,Fallback classification used due to error: Model returned invalid taxonomy mapping.,claude_md_configuration
https://platform.claude.com/docs/en/api/files-content,Download File - Claude API Reference,api|files-content,api|files content,3,Domain3: Claude Code Configuration & Workflows,3.1,"Configure CLAUDE.md files with appropriate hierarchy, scoping, and modular organization",,0.2,Fallback classification used due to error: Model returned invalid taxonomy mapping.,claude_md_configuration
https://platform.claude.com/docs/en/api/skills/create-skill-version,Create Skill Version - Claude API Reference,api|skills|create-skill-version,api|skills|create skill version,3,Domain3: Claude Code Configuration & Workflows,3.1,"Configure CLAUDE.md files with appropriate hierarchy, scoping, and modular organization",,0.2,Fallback classification used due to error: Model returned invalid taxonomy mapping.,claude_md_configuration
https://platform.claude.com/docs/en/api/skills/list-skill-versions,List Skill Versions - Claude API Reference,api|skills|list-skill-versions,api|skills|list skill versions,3,Claude Code Configuration & Workflows,3.1,"Configure CLAUDE.md files with appropriate hierarchy, scoping, and modular organization",,0.9,"The page is about listing skill versions, which implies configuration and workflow management.",claude_md_configuration
https://platform.claude.com/docs/en/api/skills/list-skills,List Skills - Claude API Reference,api|skills|list-skills,api|skills|list skills,3,Claude Code Configuration & Workflows,3.1,"Configure CLAUDE.md files with appropriate hierarchy, scoping, and modular organization",,0.9,"The page is about listing skills in Claude API Reference, which implies that it's related to configuring and managing skills.",claude_md_configuration
https://platform.claude.com/docs/en/build-with-claude/vision-coordinates,Coordinates and bounding boxes - Claude Platform Docs,build-with-claude|vision-coordinates,build with claude|vision coordinates,2,Domain2: Tool Design & MCP Integration,2.1,Design effective tool interfaces with clear descriptions and boundaries,,0.2,Fallback classification used due to error: Model returned invalid taxonomy mapping.,tool_interface_design
https://platform.claude.com/docs/en/api/beta/sessions,Sessions - Claude API Reference,api|beta|sessions,api|beta|sessions,3,Domain3: Claude Code Configuration & Workflows,3.1,"Configure CLAUDE.md files with appropriate hierarchy, scoping, and modular organization",,0.2,Fallback classification used due to error: Model returned invalid taxonomy mapping.,claude_md_configuration
https://platform.claude.com/docs/en/api/client-sdks,"CLI, SDKs, and libraries - Claude Platform Docs",api|client-sdks,api|client sdks,3,Domain3: Claude Code Configuration & Workflows,3.1,"Configure CLAUDE.md files with appropriate hierarchy, scoping, and modular organization",,0.2,Fallback classification used due to error: Model returned invalid taxonomy mapping.,claude_md_configuration
https://platform.claude.com/docs/en/build-with-claude/usage-cost-api,Usage and Cost API - Claude Platform Docs,build-with-claude|usage-cost-api,build with claude|usage cost api,2,Domain2: Tool Design & MCP Integration,2.1,Design effective tool interfaces with clear descriptions and boundaries,,0.2,Fallback classification used due to error: Model returned invalid taxonomy mapping.,tool_interface_design
https://platform.claude.com/docs/en/build-with-claude/workspaces,Workspaces - Claude Platform Docs,build-with-claude|workspaces,build with claude|workspaces,3,Domain3: Claude Code Configuration & Workflows,3.1,"Configure CLAUDE.md files with appropriate hierarchy, scoping, and modular organization",,0.2,Fallback classification used due to error: Model returned invalid taxonomy mapping.,claude_md_configuration
https://platform.claude.com/docs/en/release-notes/overview,Claude Platform - Claude Platform Docs,release-notes|overview,release notes|overview,2,Domain2: Tool Design & MCP Integration,2.1,Design effective tool interfaces with clear descriptions and boundaries,,0.2,Fallback classification used due to error: Model returned invalid taxonomy mapping.,tool_interface_design
https://platform.claude.com/docs/en/test-and-evaluate/strengthen-guardrails/increase-consistency,Increase output consistency - Claude Platform Docs,test-and-evaluate|strengthen-guardrails|increase-consistency,test and evaluate|strengthen guardrails|increase consistency,3,Claude Code Configuration & Workflows,3.1,"Configure CLAUDE.md files with appropriate hierarchy, scoping, and modular organization",3.2|3.5,0.8,"The page discusses techniques for increasing output consistency in Claude's responses, which aligns with the task of configuring CLAUDE.md files (3.1) and applying iterative refinement techniques for progressive improvement (3.5).",claude_md_configuration
https://platform.claude.com/docs/en/api/admin,Admin - Claude API Reference,api|admin,api|admin,3,Domain3: Claude Code Configuration & Workflows,3.1,"Configure CLAUDE.md files with appropriate hierarchy, scoping, and modular organization",,0.2,Fallback classification used due to error: Model returned invalid taxonomy mapping.,claude_md_configuration
https://platform.claude.com/docs/en/api/admin-api/apikeys/get-api-key,Get API Key - Claude API Reference,api|admin-api|apikeys|get-api-key,api|admin api|apikeys|get api key,3,Domain3: Claude Code Configuration & Workflows,3.1,"Configure CLAUDE.md files with appropriate hierarchy, scoping, and modular organization",,0.2,Fallback classification used due to error: Model returned invalid taxonomy mapping.,claude_md_configuration
https://platform.claude.com/docs/en/api/admin-api/invites/get-invite,Get Invite - Claude API Reference,api|admin-api|invites|get-invite,api|admin api|invites|get invite,3,Domain3: Claude Code Configuration & Workflows,3.1,"Configure CLAUDE.md files with appropriate hierarchy, scoping, and modular organization",,0.2,Fallback classification used due to error: Model returned invalid taxonomy mapping.,claude_md_configuration
https://platform.claude.com/docs/en/api/admin-api/organization/get-me,Get Current Organization - Claude API Reference,api|admin-api|organization|get-me,api|admin api|organization|get me,3,Domain3: Claude Code Configuration & Workflows,3.1,"Configure CLAUDE.md files with appropriate hierarchy, scoping, and modular organization",,0.2,Fallback classification used due to error: Model returned invalid taxonomy mapping.,claude_md_configuration
https://platform.claude.com/docs/en/api/admin-api/users/get-user,Get User - Claude API Reference,api|admin-api|users|get-user,api|admin api|users|get user,3,Domain3: Claude Code Configuration & Workflows,3.1,"Configure CLAUDE.md files with appropriate hierarchy, scoping, and modular organization",,0.2,Fallback classification used due to error: Model returned invalid taxonomy mapping.,claude_md_configuration
https://platform.claude.com/docs/en/api/admin-api/workspace_members/get-workspace-member,Get Workspace Member - Claude API Reference,api|admin-api|workspace_members|get-workspace-member,api|admin api|workspace_members|get workspace member,3,Domain3: Claude Code Configuration & Workflows,3.1,"Configure CLAUDE.md files with appropriate hierarchy, scoping, and modular organization",,0.2,Fallback classification used due to error: Model returned invalid taxonomy mapping.,claude_md_configuration
https://platform.claude.com/docs/en/manage-claude/access-transparency,Access Transparency - Claude Platform Docs,manage-claude|access-transparency,manage claude|access transparency,3,Domain3: Claude Code Configuration & Workflows,3.1,"Configure CLAUDE.md files with appropriate hierarchy, scoping, and modular organization",,0.2,Fallback classification used due to error: Model returned invalid taxonomy mapping.,claude_md_configuration
https://platform.claude.com/docs/en/manage-claude/admin-api-keys,Create an Admin API key - Claude Platform Docs,manage-claude|admin-api-keys,manage claude|admin api keys,2,Domain2: Tool Design & MCP Integration,2.1,Design effective tool interfaces with clear descriptions and boundaries,,0.2,Fallback classification used due to error: Model returned invalid taxonomy mapping.,tool_interface_design
https://platform.claude.com/docs/en/manage-claude/analytics-api,Analytics APIs - Claude Platform Docs,manage-claude|analytics-api,manage claude|analytics api,3,Domain3: Claude Code Configuration & Workflows,3.1,"Configure CLAUDE.md files with appropriate hierarchy, scoping, and modular organization",,0.2,Fallback classification used due to error: Model returned invalid taxonomy mapping.,claude_md_configuration
https://platform.claude.com/docs/en/manage-claude/claude-code-analytics-api,Claude Code Analytics API - Claude Platform Docs,manage-claude|claude-code-analytics-api,manage claude|claude code analytics api,2,Domain2: Tool Design & MCP Integration,2.1,Design effective tool interfaces with clear descriptions and boundaries,,0.2,Fallback classification used due to error: Model returned invalid taxonomy mapping.,tool_interface_design
https://platform.claude.com/docs/en/manage-claude/compliance-activity-feed,Query the Activity Feed - Claude Platform Docs,manage-claude|compliance-activity-feed,manage claude|compliance activity feed,3,Domain3: Claude Code Configuration & Workflows,3.1,"Configure CLAUDE.md files with appropriate hierarchy, scoping, and modular organization",,0.2,Fallback classification used due to error: Model returned invalid taxonomy mapping.,claude_md_configuration
https://platform.claude.com/docs/en/manage-claude/compliance-api-access,Get access to the Compliance API - Claude Platform Docs,manage-claude|compliance-api-access,manage claude|compliance api access,3,Domain3: Claude Code Configuration & Workflows,3.1,"Configure CLAUDE.md files with appropriate hierarchy, scoping, and modular organization",,0.2,Fallback classification used due to error: Model returned invalid taxonomy mapping.,claude_md_configuration
https://platform.claude.com/docs/en/manage-claude/compliance-content-data,"Retrieve and delete chats, files, and projects - Claude Platform Docs",manage-claude|compliance-content-data,manage claude|compliance content data,3,Domain3: Claude Code Configuration & Workflows,3.1,"Configure CLAUDE.md files with appropriate hierarchy, scoping, and modular organization",,0.2,Fallback classification used due to error: Model returned invalid taxonomy mapping.,claude_md_configuration
https://platform.claude.com/docs/en/manage-claude/compliance-errors,Handle Compliance API errors - Claude Platform Docs,manage-claude|compliance-errors,manage claude|compliance errors,2,Domain2: Tool Design & MCP Integration,2.1,Design effective tool interfaces with clear descriptions and boundaries,,0.2,Fallback classification used due to error: Model returned invalid taxonomy mapping.,tool_interface_design
https://platform.claude.com/docs/en/manage-claude/compliance-faq,Compliance API FAQ - Claude Platform Docs,manage-claude|compliance-faq,manage claude|compliance faq,3,Domain3: Claude Code Configuration & Workflows,3.1,"Configure CLAUDE.md files with appropriate hierarchy, scoping, and modular organization",,0.2,Fallback classification used due to error: Model returned invalid taxonomy mapping.,claude_md_configuration
https://platform.claude.com/docs/en/manage-claude/compliance-integration-patterns,Design your compliance integration - Claude Platform Docs,manage-claude|compliance-integration-patterns,manage claude|compliance integration patterns,3,Domain3: Claude Code Configuration & Workflows,3.1,"Configure CLAUDE.md files with appropriate hierarchy, scoping, and modular organization",,0.2,Fallback classification used due to error: Model returned invalid taxonomy mapping.,claude_md_configuration
https://platform.claude.com/docs/en/manage-claude/compliance-org-data,"List organizations, users, roles, groups, and settings - Claude Platform Docs",manage-claude|compliance-org-data,manage claude|compliance org data,3,Domain3: Claude Code Configuration & Workflows,3.1,"Configure CLAUDE.md files with appropriate hierarchy, scoping, and modular organization",,0.2,Fallback classification used due to error: Model returned invalid taxonomy mapping.,claude_md_configuration
https://platform.claude.com/docs/en/manage-claude/rate-limits-api,Rate Limits API - Claude Platform Docs,manage-claude|rate-limits-api,manage claude|rate limits api,1,Domain1: Agentic Architecture & Orchestration,1.1,Design and implement agentic loops for autonomous task execution,,0.2,Fallback classification used due to error: Model returned invalid taxonomy mapping.,agent_loops
https://platform.claude.com/docs/en/manage-claude/spend-limits-api,Spend Limits API - Claude Platform Docs,manage-claude|spend-limits-api,manage claude|spend limits api,2,Domain2: Tool Design & MCP Integration,2.1,Design effective tool interfaces with clear descriptions and boundaries,,0.2,Fallback classification used due to error: Model returned invalid taxonomy mapping.,tool_interface_design
https://platform.claude.com/docs/en/manage-claude/wif-admin-api,Manage WIF with the Admin API - Claude Platform Docs,manage-claude|wif-admin-api,manage claude|wif admin api,3,Domain3: Claude Code Configuration & Workflows,3.1,"Configure CLAUDE.md files with appropriate hierarchy, scoping, and modular organization",,0.2,Fallback classification used due to error: Model returned invalid taxonomy mapping.,claude_md_configuration
https://platform.claude.com/docs/en/manage-claude/wif-reference,WIF reference - Claude Platform Docs,manage-claude|wif-reference,manage claude|wif reference,2,Domain2: Tool Design & MCP Integration,2.1,Design effective tool interfaces with clear descriptions and boundaries,,0.2,Fallback classification used due to error: Model returned invalid taxonomy mapping.,tool_interface_design
https://platform.claude.com/docs/en/agents-and-tools/mcp-tunnels/overview,MCP tunnels - Claude Platform Docs,agents-and-tools|mcp-tunnels|overview,agents and tools|mcp tunnels|overview,2,Domain2: Tool Design & MCP Integration,2.1,Design effective tool interfaces with clear descriptions and boundaries,,0.2,Fallback classification used due to error: Model returned invalid taxonomy mapping.,tool_interface_design
https://platform.claude.com/docs/en/managed-agents/cloud-sandboxes-reference,Cloud sandbox reference - Claude Platform Docs,managed-agents|cloud-sandboxes-reference,managed agents|cloud sandboxes reference,2,Domain2: Tool Design & MCP Integration,2.1,Design effective tool interfaces with clear descriptions and boundaries,,0.2,Fallback classification used due to error: Model returned invalid taxonomy mapping.,tool_interface_design
https://platform.claude.com/docs/en/managed-agents/define-outcomes,Define outcomes - Claude Platform Docs,managed-agents|define-outcomes,managed agents|define outcomes,3,Domain3: Claude Code Configuration & Workflows,3.1,"Configure CLAUDE.md files with appropriate hierarchy, scoping, and modular organization",,0.2,Fallback classification used due to error: Model returned invalid taxonomy mapping.,claude_md_configuration
https://platform.claude.com/docs/en/managed-agents/dreams,Dreams - Claude Platform Docs,managed-agents|dreams,managed agents|dreams,2,Domain2: Tool Design & MCP Integration,2.1,Design effective tool interfaces with clear descriptions and boundaries,,0.2,Fallback classification used due to error: Model returned invalid taxonomy mapping.,tool_interface_design
https://platform.claude.com/docs/en/managed-agents/files,Adding files - Claude Platform Docs,managed-agents|files,managed agents|files,2,Tool Design & MCP Integration,2.3,Distribute tools appropriately across agents and configure tool choice,2.1|2.4,0.9,"The page describes how to upload, mount, and manage files in the sandbox, which is related to distributing tools across agents (2.3). It also mentions integrating MCP servers into Claude Code and agent workflows (2.4) and designing effective tool interfaces with clear descriptions and boundaries (2.1)",tool_distribution_and_choice
https://platform.claude.com/docs/en/managed-agents/github,Accessing GitHub - Claude Platform Docs,managed-agents|github,managed agents|github,2,Domain2: Tool Design & MCP Integration,2.1,Design effective tool interfaces with clear descriptions and boundaries,,0.2,Fallback classification used due to error: Model returned invalid taxonomy mapping.,tool_interface_design
https://platform.claude.com/docs/en/managed-agents/mcp-connector,MCP connector - Claude Platform Docs,managed-agents|mcp-connector,managed agents|mcp connector,2,Domain2: Tool Design & MCP Integration,2.1,Design effective tool interfaces with clear descriptions and boundaries,,0.2,Fallback classification used due to error: Model returned invalid taxonomy mapping.,tool_interface_design
https://platform.claude.com/docs/en/managed-agents/onboarding,Prototype in Console - Claude Platform Docs,managed-agents|onboarding,managed agents|onboarding,1,Domain1: Agentic Architecture & Orchestration,1.1,Design and implement agentic loops for autonomous task execution,,0.2,Fallback classification used due to error: Model returned invalid taxonomy mapping.,agent_loops
https://platform.claude.com/docs/en/managed-agents/permission-policies,Permission policies - Claude Platform Docs,managed-agents|permission-policies,managed agents|permission policies,2,Domain2: Tool Design & MCP Integration,2.1,Design effective tool interfaces with clear descriptions and boundaries,,0.2,Fallback classification used due to error: Model returned invalid taxonomy mapping.,tool_interface_design
https://platform.claude.com/docs/en/managed-agents/scheduled-deployments,Scheduled deployments - Claude Platform Docs,managed-agents|scheduled-deployments,managed agents|scheduled deployments,3,Domain3: Claude Code Configuration & Workflows,3.1,"Configure CLAUDE.md files with appropriate hierarchy, scoping, and modular organization",,0.2,Fallback classification used due to error: Model returned invalid taxonomy mapping.,claude_md_configuration
https://platform.claude.com/docs/en/managed-agents/skills,Skills - Claude Platform Docs,managed-agents|skills,managed agents|skills,3,Claude Code Configuration & Workflows,3.2,Create and configure custom slash commands and skills,,1.0,"The content excerpt focuses on creating and configuring custom skills, which matches task 3.2 in the taxonomy.",commands_and_skills
https://platform.claude.com/docs/en/build-with-claude/prompt-engineering/prompting-claude-opus-4-8,Prompting Claude Opus 4.8 - Claude Platform Docs,build-with-claude|prompt-engineering|prompting-claude-opus-4-8,build with claude|prompt engineering|prompting claude opus 4 8,1,Domain1: Agentic Architecture & Orchestration,1.1,Design and implement agentic loops for autonomous task execution,,0.2,Fallback classification used due to error: Model returned invalid taxonomy mapping.,agent_loops
https://platform.claude.com/docs/en/release-notes/api,Claude Platform - Claude Platform Docs,release-notes|api,release notes|api,2,Domain2: Tool Design & MCP Integration,2.1,Design effective tool interfaces with clear descriptions and boundaries,,0.2,Fallback classification used due to error: Model returned invalid taxonomy mapping.,tool_interface_design
https://platform.claude.com/docs/en/about-claude/glossary,Glossary - Claude Platform Docs,about-claude|glossary,about claude|glossary,2,Domain2: Tool Design & MCP Integration,2.1,Design effective tool interfaces with clear descriptions and boundaries,,0.2,Fallback classification used due to error: Model returned invalid taxonomy mapping.,tool_interface_design
https://platform.claude.com/docs/en/about-claude/use-case-guides/content-moderation,Content moderation - Claude Platform Docs,about-claude|use-case-guides|content-moderation,about claude|use case guides|content moderation,3,Domain3: Claude Code Configuration & Workflows,3.1,"Configure CLAUDE.md files with appropriate hierarchy, scoping, and modular organization",,0.2,Fallback classification used due to error: Model returned invalid taxonomy mapping.,claude_md_configuration
https://platform.claude.com/docs/en/about-claude/use-case-guides/legal-summarization,Legal summarization - Claude Platform Docs,about-claude|use-case-guides|legal-summarization,about claude|use case guides|legal summarization,3,Domain3: Claude Code Configuration & Workflows,3.1,"Configure CLAUDE.md files with appropriate hierarchy, scoping, and modular organization",,0.2,Fallback classification used due to error: Model returned invalid taxonomy mapping.,claude_md_configuration
https://platform.claude.com/docs/en/about-claude/use-case-guides/overview,Guides to common use cases - Claude Platform Docs,about-claude|use-case-guides|overview,about claude|use case guides|overview,2,Domain2: Tool Design & MCP Integration,2.1,Design effective tool interfaces with clear descriptions and boundaries,,0.2,Fallback classification used due to error: Model returned invalid taxonomy mapping.,tool_interface_design
https://platform.claude.com/docs/en/about-claude/use-case-guides/ticket-routing,Ticket routing - Claude Platform Docs,about-claude|use-case-guides|ticket-routing,about claude|use case guides|ticket routing,3,Domain3: Claude Code Configuration & Workflows,3.1,"Configure CLAUDE.md files with appropriate hierarchy, scoping, and modular organization",,0.2,Fallback classification used due to error: Model returned invalid taxonomy mapping.,claude_md_configuration
https://platform.claude.com/docs/en/build-with-claude/prompt-engineering/prompting-tools,Console prompting tools - Claude Platform Docs,build-with-claude|prompt-engineering|prompting-tools,build with claude|prompt engineering|prompting tools,3,Claude Code Configuration & Workflows,3.1,"Configure CLAUDE.md files with appropriate hierarchy, scoping, and modular organization",,0.8,"The content excerpt focuses on using the Claude Console to build and refine prompts, which is related to configuring CLAUDE.md files.",claude_md_configuration
https://platform.claude.com/docs/en/test-and-evaluate/eval-tool,Using the Evaluation Tool - Claude Platform Docs,test-and-evaluate|eval-tool,test and evaluate|eval tool,3,Claude Code Configuration & Workflows,3.1,"Configure CLAUDE.md files with appropriate hierarchy, scoping, and modular organization",,0.8,"The content excerpt focuses on using the Evaluation tool to create and refine prompts for Claude, which is closely related to configuring CLAUDE.md files.",claude_md_configuration
https://platform.claude.com/docs/en/test-and-evaluate/strengthen-guardrails/reduce-hallucinations,Reduce hallucinations - Claude Platform Docs,test-and-evaluate|strengthen-guardrails|reduce-hallucinations,test and evaluate|strengthen guardrails|reduce hallucinations,3,Claude Code Configuration & Workflows,3.5,Apply iterative refinement techniques for progressive improvement,,1.0,"The page discusses techniques to minimize hallucinations in Claude's outputs, which is related to iterative refinement.",iterative_refinement
https://platform.claude.com/docs/en/test-and-evaluate/strengthen-guardrails/reduce-latency,Reducing latency - Claude Platform Docs,test-and-evaluate|strengthen-guardrails|reduce-latency,test and evaluate|strengthen guardrails|reduce latency,3,Claude Code Configuration & Workflows,3.6,Integrate Claude Code into CI/CD pipelines,,0.8,"The page discusses optimizing model performance and reducing latency, which is related to integrating Claude Code into CI/CD pipelines.",ci_cd_integration
https://platform.claude.com/docs/en/test-and-evaluate/strengthen-guardrails/reduce-prompt-leak,Reduce prompt leak - Claude Platform Docs,test-and-evaluate|strengthen-guardrails|reduce-prompt-leak,test and evaluate|strengthen guardrails|reduce prompt leak,3,Domain3: Claude Code Configuration & Workflows,3.1,"Configure CLAUDE.md files with appropriate hierarchy, scoping, and modular organization",,0.2,Fallback classification used due to error: Model returned invalid taxonomy mapping.,claude_md_configuration
https://platform.claude.com/docs/en/claude_api_primer,API usage primer for Claude - Claude Platform Docs,claude_api_primer,claude_api_primer,3,Domain3: Claude Code Configuration & Workflows,3.1,"Configure CLAUDE.md files with appropriate hierarchy, scoping, and modular organization",,0.2,Fallback classification used due to error: Model returned invalid taxonomy mapping.,claude_md_configuration
https://platform.claude.com/docs/en/agents-and-tools/mcp-tunnels/security,MCP tunnels security - Claude Platform Docs,agents-and-tools|mcp-tunnels|security,agents and tools|mcp tunnels|security,2,Domain2: Tool Design & MCP Integration,2.1,Design effective tool interfaces with clear descriptions and boundaries,,0.2,Fallback classification used due to error: Model returned invalid taxonomy mapping.,tool_interface_design
https://platform.claude.com/docs/en/agents-and-tools/mcp-tunnels/reference,MCP tunnels reference - Claude Platform Docs,agents-and-tools|mcp-tunnels|reference,agents and tools|mcp tunnels|reference,2,Domain2: Tool Design & MCP Integration,2.1,Design effective tool interfaces with clear descriptions and boundaries,,0.2,Fallback classification used due to error: Model returned invalid taxonomy mapping.,tool_interface_design
https://platform.claude.com/docs/en/api/claude-code/routines-fire,Trigger a routine via API - Claude Platform Docs,api|claude-code|routines-fire,api|claude code|routines fire,3,Domain3: Claude Code Configuration & Workflows,3.1,"Configure CLAUDE.md files with appropriate hierarchy, scoping, and modular organization",,0.2,Fallback classification used due to error: Model returned invalid taxonomy mapping.,claude_md_configuration
https://platform.claude.com/docs/en/cli-sdks-libraries/sdks/csharp,C# SDK - Claude Platform Docs,cli-sdks-libraries|sdks|csharp,cli sdks libraries|sdks|csharp,2,Domain2: Tool Design & MCP Integration,2.1,Design effective tool interfaces with clear descriptions and boundaries,,0.2,Fallback classification used due to error: Model returned invalid taxonomy mapping.,tool_interface_design
https://platform.claude.com/docs/en/cli-sdks-libraries/sdks/go,Go SDK - Claude Platform Docs,cli-sdks-libraries|sdks|go,cli sdks libraries|sdks|go,2,Domain2: Tool Design & MCP Integration,2.1,Design effective tool interfaces with clear descriptions and boundaries,,0.2,Fallback classification used due to error: Model returned invalid taxonomy mapping.,tool_interface_design
https://platform.claude.com/docs/en/cli-sdks-libraries/sdks/java,Java SDK - Claude Platform Docs,cli-sdks-libraries|sdks|java,cli sdks libraries|sdks|java,3,Domain3: Claude Code Configuration & Workflows,3.1,"Configure CLAUDE.md files with appropriate hierarchy, scoping, and modular organization",,0.2,Fallback classification used due to error: Model returned invalid taxonomy mapping.,claude_md_configuration
https://platform.claude.com/docs/en/cli-sdks-libraries/sdks/php,PHP SDK - Claude Platform Docs,cli-sdks-libraries|sdks|php,cli sdks libraries|sdks|php,2,Domain2: Tool Design & MCP Integration,2.1,Design effective tool interfaces with clear descriptions and boundaries,,0.2,Fallback classification used due to error: Model returned invalid taxonomy mapping.,tool_interface_design
